scheme_code,scheme_name,fund_house,scheme_category,scheme_type
120716,UTI Nifty 50 Index Fund - Direct Plan - Growth,UTI Mutual Fund,Other Scheme - Index Funds,Open Ended Schemes
119063,HDFC Nifty 50 Index Fund - Direct Plan - Growth Option,HDFC Mutual Fund,Other Scheme - Index Funds,Open Ended Schemes
122639,Parag Parikh Flexi Cap Fund - Direct Plan - Growth,PPFAS Mutual Fund,Equity Scheme - Flexi Cap Fund,Open Ended Schemes
145110,Axis Large & Mid Cap Fund - Direct Plan - Growth Option,Axis Mutual Fund,Equity Schemes - Large & Mid Cap Fund,Open Ended Schemes
118825,Mirae Asset Large Cap Fund - Direct Plan - Growth,Mirae Asset Mutual Fund,Equity Schemes - Large Cap Fund,Open Ended Schemes
120186,ICICI Prudential US Bluechip Equity Fund - Direct Plan - Growth,ICICI Prudential Mutual Fund,Equity Scheme - Sectoral/ Thematic,Open Ended Schemes
118989,HDFC Mid Cap Fund - Direct Plan - Growth Option,HDFC Mutual Fund,Equity Scheme - Mid Cap Fund,Open Ended Schemes
147622,Motilal Oswal Nifty Midcap 150 Index Fund - Direct Plan - Growth,Motilal Oswal Mutual Fund,Other Scheme - Index Funds,Open Ended Schemes
125497,SBI SMALL CAP FUND - Direct Plan - Growth,SBI Mutual Fund,Equity Scheme - Small Cap Fund,Open Ended Schemes
118778,Nippon India Small Cap Fund - Direct Plan - Growth Option,Nippon India Mutual Fund,Equity Scheme - Small Cap Fund,Open Ended Schemes
125354,Axis Small Cap Fund - Direct Plan - Growth Option,Axis Mutual Fund,Equity Schemes - Small Cap Fund,Open Ended Schemes
120828,Quant Small Cap Fund - Direct Plan - Growth Option,quant Mutual Fund,Equity Scheme - Small Cap Fund,Open Ended Schemes
119835,SBI CONTRA FUND - Direct Plan - Growth,SBI Mutual Fund,Equity Scheme - Contra Fund,Open Ended Schemes
120503,Axis ELSS- Tax Saver Fund - Direct Plan - Growth Option,Axis Mutual Fund,Equity Schemes - ELSS- Tax Saver Fund,Open Ended Schemes
